Brand,Model,MPG
Hyundai iLoad (2009 - 2015),iload-2009,30–32
Hyundai i800 (2008 - 2022),i800-2008,22–35
Daihatsu Terios (2006 - 2009),terios-2006,24–38
Daihatsu Sirion (2005 - 2009),sirion-2005,32–60
Daihatsu Materia (2007 - 2009),materia-2007,36–48
Daihatsu Charade (2003 - 2006),charade-2003,45–64
Genesis G70 (2022 on),g70-2022,-
DS 9 (2020 on),ds9-2020,-
Ferrari FF  (2011 on),ff-2011,12–13
Ford Transit Custom (2013 on),transit-custom-2013,23–42
Dacia Duster Commercial (2015 on),duster-commercial-2015,40–57
Dacia Sandero (2021 on),sandero-2021,36–51
Cadillac CTS (2008 - 2010),cts-2008,24–27
Citroen SpaceTourer (2016 on),space-tourer-2016,34–50
Citroen C4 Picasso (2013 - 2018),c4-picasso-2013,22–66
Volvo XC90 (2015 on),xc90-2015,20–47
Hyundai iLoad (2009 - 2015),iload-2009,30–32
BMW 4 Series  Convertible (2014 - 2020),4-series-convertible-2014,19–56
Volvo XC90 (2002 - 2015),xc90-2002,19–38
BMW 3 Series (2019 on),3-series-2019,30–62
BMW M5 (2011 - 2017),m5-2011,18–26
BMW Z4 (2019 on),z4-2019,33–45
BMW Z4 (2009 - 2016),z4-2009,20–42
BMW Z4  Coupe (2006 - 2008),z4-coupe-2006,20–35
BMW Z4 (2003 - 2009),z4-2003,21–45
BMW X6 (2020 on),x6-2019,39
BMW X7 (2019 on),x7-2019,30–36
Dacia Duster Commercial (2015 on),duster-commercial-2015,40–57
BMW X6 (2008 - 2014),x6-2008,20–38
BMW X5 (2014 - 2018),x5-2014,15–46
BMW X5 (2018 on),x5-2018,22–39
BMW X4 (2014 - 2018),x4-2014,25–49
BMW X5 (2007 - 2013),x5-2007,16–36
BMW X3 (2018 on),x3-2018,16–52
BMW X3 (2004 - 2010),x3-2004,16–45
BMW X3 (2010 - 2018),x3-2010,27–52
BMW X2 (2018 on),x2-2018,32–58
BMW X1 (2015 - 2022),x1-2015,27–59
BMW M8 Competition (2020 on),m8-competition-2018,-
BMW X1 (2009 - 2015),x1-2009,22–65
BMW M6 (2012 - 2018),m6-2012,15–26
BMW M5 (2018 on),m5-2018,15–24
BMW M4 (2014 - 2021),m4-2014,17–32
BMW M3 (2014 - 2021),m3-2014,17–32
BMW M3 (2007 - 2013),m3-2007,15–25
BMW M2 (2016 - 2021),m2-2016,19–33
BMW i8 (2014 - 2020),i8-2014,37–60
BMW 8 Series (2018 on),8-series-coupe-2018,19–43
BMW i3 (2013 - 2022),i3-2013,300–398
BMW ActiveHybrid 5 (2012 - 2017),activehybrid-5,26–36
BMW 8 Series  Gran Coupe (2020 on),8-series-gran-coupe,-
BMW 8 Series  Convertible (2019 on),8-series-convertible-2019,-
BMW 7 Series (2009 - 2016),7-series-2009,18–45
BMW 7 Series (2016 - 2022),7-series-2016,12–90
BMW 7 Series (2002 - 2009),7-series-2002,17–41
BMW 6 Series (2011 - 2018),6-series-2011,23–46
BMW 6 Series  Gran Turismo (2017 - 2019),6-series-gran-turismo-2017,21–53
BMW 6 Series (2004 - 2011),6-series-2004,17–45
BMW 6 Series  Gran Coupe (2012 - 2018),6-series-gran-coupe-2012,30–46
BMW 6 Series  Convertible (2011 - 2018),6-series-convertible-2011,20–44
BMW 5 Series (2003 - 2010),5-series-2003,17–55
BMW 5 Series (2017 on),5-series-2017,22–66
BMW 5 Series (2010 - 2017),5-series-2010,21–60
BMW 5 Series  Touring (2017 on),5-series-touring-2017,23–58
BMW 5 Series  Touring (2004 - 2010),5-series-touring-2004,22–50
BMW 4 Series (2013 - 2020),4-series-2013,22–59
BMW 5 Series  Touring (2010 - 2017),5-series-touring-2010,25–55
BMW 4 Series (2020 on),4-series-2020,37–46
BMW 4 Series  Gran Coupe (2014 - 2020),4-series-gran-coupe-2014,24–58
BMW 5 Series  GT (2009 - 2017),5-series-gran-turismo-2009,26–48
BMW 4 Series  Convertible (2021 on),4-series-convertible-2020,47–48
BMW 3 Series  Touring (2019 on),3-series-touring-2019,56
BMW 3 Series (2012 - 2019),3-series-2012,22–71
BMW 3 Series (2005 - 2012),3-series-2005,19–59
BMW 3 Series  GT (2013 - 2020),3-series-gran-turismo-2013,23–64
BMW 2 Series  Gran Tourer (2015 - 2021),2-series-gran-tourer-2015,26–64
BMW 3 Series  Coupe (2006 - 2012),3-series-coupe-2006,20–58
BMW 2 Series  Coupe (2022 on),2-series-coupe-2021,-
BMW 2 Series  Gran Coupe (2020 on),2-series-gran-coupe-2020,41
BMW 2 Series  Coupe (2014 - 2020),2-series-coupe-2014,21–60
BMW 2 Series  Convertible (2015 - 2021),2-series-convertible-2015,24–54
BMW 3 Series  Convertible (2007 - 2012),3-series-convertible-2007,19–57
BMW 1 Series (2011 - 2019),1-series-2011,22–71
BMW 3 Series  Touring (2012 - 2019),3-series-touring-2012,24–68
BMW 2 Series  Active Tourer (2022 on),2-series-active-tourer-2022,43–64
BMW 1 Series (2004 - 2011),1-series-2004,22–60
BMW 3 Series  Touring (2005 - 2012),3-series-touring-2005,20–60
BMW 1 Series  Convertible (2008 - 2014),1-series-convertible-2008,20–58
BMW 1 Series  Coupe (2008 - 2013),1-series-coupe-2008,20–59
Volvo XC70 (2007 - 2016),xc70-2007,26–51
Volvo XC60 (2017 on),xc60-2017,21–69
Volvo XC40 (2018 on),xc40-2018,23–56
Volvo V90 (2016 on),v90-2016,23–57
Volvo V90  Cross Country (2017 on),v90-cross-country-2017,22–52
Volvo V70 (2007 - 2016),v70-2007,21–65
Volvo V60 (2018 on),v60-2018,25–80
Volvo V60  Cross Country (2019 on),v60-cross-country-2019,34–43
Volvo V60 (2010 - 2018),v60-2010,17–102
Volvo S80 (2006 - 2016),s80-2006,22–64
Volvo V50 (2004 - 2012),v50-2004,24–68
Volvo V40 (2012 - 2019),v40-2012,26–73
Volvo S90 (2016 on),s90-2016,22–60
BMW 1 Series (2019 on),1-series-2019,25–61
Volvo S60 (2010 - 2018),s60-2010,21–64
BMW 2 Series  Active Tourer (2014 - 2021),2-series-active-tourer-2014,27–81
Volvo XC60 (2008 - 2017),xc60-2008,21–53
Volvo S60 (2018 on),s60-2018,26–40
Volvo C30 (2010 - 2013),c30-2010,21–70
Chevrolet Trax (2013 - 2015),trax-2013,28–56
Cadillac BLS (2006 - 2010),bls-2006,-
Volvo S40 (2004 - 2012),s40-2004,24–67
Cadillac CTS (2004 - 2008),cts-2004,23–25
Volvo C70 (2010 - 2013),c70-2010,19–55
Chevrolet Volt (2012 - 2014),volt-2012,182–235
Chevrolet Spark (2010 - 2015),spark-2010,35–59
Chevrolet Cruze (2009 - 2015),cruze-2009,19–51
Chevrolet Orlando (2011 - 2015),orlando-2011,21–48
Chevrolet Epica (2008 - 2010),epica-2008,24–50
Chevrolet Cruze  Station Wagon (2012 - 2015),cruze-station-wagon-2012,26–61
Citroen SpaceTourer (2016 on),space-tourer-2016,34–50
Chevrolet Captiva (2007 - 2015),captiva-2007,22–39
Chevrolet Camaro (2012 - 2015),camaro-2012,-
Chevrolet Cruze  Hatchback (2011 - 2015),cruze-hatchback-2011,28–62
Chevrolet Aveo (2011 - 2015),aveo-2011,29–69
Chrysler Grand Voyager (2008 - 2015),grand-voyager-2008,24–33
Chrysler Delta (2011 - 2014),delta-2011,30–59
Chrysler 300C (2012 - 2015),300c-2012,32–38
Citroen Relay (2006 on),relay-2006,25–40
Chrysler 300C (2005 - 2010),300c-2005,13–36
Citroen Dispatch (2007 - 2016),dispatch-2007,28–50
Citroen Relay (2006 on),relay-2006,25–40
Citroen Nemo Multispace (2009 - 2015),nemo-multispace-2009,30–63
Citroen Nemo (2008 - 2017),nemo-2008,24–68
Citroen Dispatch (2007 - 2016),dispatch-2007,28–50
Chrysler Ypsilon (2012 - 2015),ypsilon-2012,36–65
Citroen Berlingo Multispace (2008 - 2018),berlingo-multispace-2008,36–59
Citroen Nemo Multispace (2009 - 2015),nemo-multispace-2009,30–63
Citroen Berlingo MPV (2018 on),berlingo-mpv-2018,35–55
Citroen Berlingo (2008 - 2018),berlingo-2008,39–60
Citroen Grand C4 SpaceTourer (2018 - 2022),grand-c4-spacetourer-2018,36–51
Citroen Nemo (2008 - 2017),nemo-2008,24–68
Citroen Berlingo Multispace (2008 - 2018),berlingo-multispace-2008,36–59
Citroen C8 (2003 - 2010),c8-2003,19–41
Citroen Berlingo MPV (2018 on),berlingo-mpv-2018,35–55
Citroen C6 (2005 - 2012),c6-2005,27–44
Citroen C5 X (2022 on),c5-x-2022,40–51
Citroen C5 Aircross (2019 on),c5-aircross-2018,29–61
Citroen C5 (2008 - 2016),c5-2008,22–62
Citroen Berlingo (2008 - 2018),berlingo-2008,39–60
Citroen C4 SpaceTourer (2018 - 2019),c4-spacetourer-2018,32–61
Citroen C4 Picasso (2007 - 2013),c4-picasso-2007,24–59
Citroen C4 Grand Picasso (2014 - 2018),c4-grand-picasso-2014,34–64
Citroen C4 Grand Picasso (2007 - 2013),c4-grand-picasso-2007,24–60
Citroen C4 (2011 - 2018),c4-2011,31–75
Citroen C4 (2021 on),c4-2021,47–63
Citroen C4 (2004 - 2010),c4-2004,26–70
Citroen C4  Cactus (2014 - 2021),c4-cactus-2014,35–78
Citroen C3 Picasso (2009 - 2017),c3-picasso-2009,27–67
Citroen C3 Aircross (2017 on),c3-aircross-2017,30–64
Citroen C3 (2010 - 2017),c3-2010,39–74
Citroen C3 (2002 - 2010),c3-2002,19–74
Citroen C1 (2014 - 2022),c1-2014,38–63
Citroen C2 (2003 - 2010),c2-2003,28–74
Citroen C1 (2005 - 2014),c1-2005,41–82
Cupra Ateca (2019 on),ateca-2019,-
Citroen C-Crosser (2007 - 2012),c-crosser-2007,30–41
Cupra Leon (2020 on),leon-2020,40
Citroen C3 (2017 on),c3-2016,34–70
Cupra Formentor (2020 on),formentor-2020,28–44
Dacia Logan MCV (2013 - 2019),logan-mcv-2013,38–73
Dacia Logan MCV  Stepway (2017 - 2019),logan-mcv-stepway-2017,42–64
Ford Transit Courier (2014 on),transit-courier-2014,39–64
Ford Transit Custom (2013 on),transit-custom-2013,23–42
Dacia Sandero (2013 - 2021),sandero-2013,35–72
Ford Transit Connect (2014 on),transit-connect-2014,34–55
Ford Transit Courier (2014 on),transit-courier-2014,39–64
Dacia Sandero  Stepway (2013 - 2020),sandero-stepway-2013,33–84
Ford Transit Connect (2014 on),transit-connect-2014,34–55
Dacia Duster (2018 on),duster-2018,31–66
Ford Transit (2014 on),transit-2014,21–37
Dacia Duster (2012 - 2018),duster-2012,25–61
Ford Transit (2014 on),transit-2014,21–37
Ford Transit Connect (2002 - 2014),transit-connect-2002,29–49
Ford Transit (2006 - 2014),transit-2006,21–41
Ford Tourneo Custom (2013 on),tourneo-custom-2013,23–38
Ford Tourneo Custom (2013 on),tourneo-custom-2013,23–38
Ford Tourneo Courier Kombi (2015 on),tourneo-courier-2014,45–59
Ford Fiesta Van (2013 - 2017),fiesta-van-2013,54–69
Ford Transit (2006 - 2014),transit-2006,21–41
Ford StreetKa (2003 - 2005),streetka-2003,28–39
Ford Ranger (2011 - 2022),ranger-2011,21–50
Ford Tourneo Courier Kombi (2015 on),tourneo-courier-2014,45–59
Ford Tourneo Connect (2014 - 2023),tourneo-connect-2014,28–56
Ford Ranger (2011 - 2022),ranger-2011,21–50
Ford Tourneo Connect (2014 - 2023),tourneo-connect-2014,28–56
Ford S-MAX (2006 - 2015),s-max-2006,20–56
Ford S-MAX (2015 on),s-max-2015,19–50
Ford Transit Connect (2002 - 2014),transit-connect-2002,29–49
Ford Puma  ST (2021 on),puma-st-2021,-
Ford Puma (2020 on),puma-2020,35–53
Ford Mustang (2015 - 2022),mustang-2015,16–34
Ford Mondeo Estate (2015 - 2021),mondeo-estate-2015,27–64
Ford Mondeo (2007 - 2015),mondeo-2007,23–62
Ford Fiesta Van (2013 - 2017),fiesta-van-2013,54–69
Ford Mondeo (2015 - 2021),mondeo-2015,22–68
Ford Kuga (2020 on),kuga-2020,40–77
Ford Mondeo  Estate (2007 - 2015),mondeo-estate-2007,22–62
Ford Kuga (2013 - 2020),kuga-2013,19–59
Ford Ka+ (2016 - 2020),ka-2016,35–55
Ford Ka+  Active (2018 - 2020),ka-active-2018,-
Ford Ka (2008 - 2016),ka-2008,34–67
Ford Kuga (2008 - 2013),kuga-2008,18–50
Ford Grand C-MAX (2010 - 2019),grand-c-max-2010,24–61
Ford Focus (2011 - 2014),focus-2011,27–67
Ford Focus (2018 on),focus-2018,28–71
Ford Galaxy (2015 on),galaxy-2015,23–51
Ford Galaxy (2006 - 2015),galaxy-2006,22–51
Ford Fusion (2002 - 2012),fusion-2002,27–71
Ford Focus (2004 - 2007),focus-2004,25–65
Ford Focus (2008 - 2011),focus-2008,23–68
Ford Focus (2014 - 2018),focus-2014,25–70
Ford Focus  ST (2005 - 2011),focus-st-2005,20–32
Ford Focus  ST (2015 - 2018),focus-st-2015,23–57
Ford Focus  ST (2019 on),focus-st-2019,28–32
Ford Focus  ST (2012 - 2015),focus-st-2012,23–37
Ford Focus  Estate (2011 - 2014),focus-estate-2011,28–67
Ford Focus  Coupe-Cabriolet (2006 - 2011),focus-cc-2006,24–50
Ford Focus  Estate (2018 on),focus-estate-2018,26–61
Ford Focus  Active (2019 on),focus-active-2019,36–61
Ford Fiesta (2013 - 2017),fiesta-2013,29–77
Ford Fiesta (2017 on),fiesta-2017,28–71
Ford Fiesta  ST (2018 on),fiesta-st-2018,30–46
Ford Fiesta (2008 - 2013),fiesta-2008,26–78
Ford Fiesta (2002 - 2008),fiesta-2002,25–70
Ford Fiesta  ST (2013 - 2018),fiesta-st-2013,29–47
Ford Edge (2016 - 2019),edge-2015,27–44
Ford EcoSport (2014 on),ecosport-2014,25–58
Ford Fiesta  Active (2018 on),fiesta-active-2018,28–73
Ford Focus  RS (2009 - 2011),focus-rs-2009,20–32
Ford C-MAX (2003 - 2010),c-max-2003,21–65
Ford B-MAX (2012 - 2017),b-max-2011,27–68
Ford C-MAX (2010 - 2019),c-max-2010,28–62
Ferrari F430 (2005 - 2009),f430-2005,14–18
Ford Focus  Estate (2014 - 2018),focus-estate-2014,29–68
Ferrari 612 Scaglietti (2004 - 2011),f612-2004,-
Ferrari 599 GTB (2006 - 2012),f599-gtb-2006,-
Ferrari F12 Berlinetta (2012 - 2017),f12-berlinetta-2012,-
Ferrari 458 Italia (2010 on),f458-italia-2010,-
Ferrari California (2009 - 2017),f149-california-2009,-
DS 7 (2017 on),ds7-crossback-2017,34–82
DS 4 (2021 on),ds4-2021,-
DS 4 (2011 - 2018),ds4-2011,43–55
DS 5 (2012 - 2018),ds5-2012,32–63
DS 3 (2010 - 2019),ds3-2010,34–72
Ford Focus  RS (2016 - 2018),focus-rs-2016,19–31
Dodge SRT-10 (2004 - 2008),srt-10-2004,-
Dodge Nitro (2007 - 2010),nitro-2007,14–32
Dodge Journey (2008 - 2010),journey-2008,29–44
DS 3  Cabrio (2013 - 2019),ds3-cabrio-2013,36–62
Dodge Avenger (2007 - 2010),avenger-2007,24–51
Honda Legend (2006 - 2009),legend-2006,22–34
Honda Jazz (2015 - 2020),jazz-2014,37–64
Dodge Caliber (2006 - 2010),caliber-2006,29–53
DS 3 (2019 on),ds3-crossback-2019,29–39
Honda NSX (2016 - 2022),nsx-2015,-
Honda Jazz (2008 - 2015),jazz-2008,33–59
Honda Jazz  Hybrid (2011 - 2015),jazz-hybrid-2011,42–65
Honda Jazz (2001 - 2008),jazz-2001,34–58
Honda Insight (2009 - 2014),insight-2009,39–63
Honda HR-V (2021 on),hr-v-2021,-
Honda CR-V (2018 - 2023),cr-v-2018,28–58
Honda CR-V (2012 - 2018),cr-v-2012,23–66
Honda FR-V (2004 - 2009),fr-v-2004,22–54
Honda HR-V (2015 - 2021),hr-v-2015,34–71
Honda Civic (2017 - 2021),civic-2017,28–70
Honda CR-V (2002 - 2006),cr-v-2002,21–50
Honda CR-Z (2010 - 2015),cr-z-2010,36–58
Honda CR-V (2007 - 2012),cr-v-2007,22–50
Honda Civic (2012 - 2017),civic-2012,27–81
Honda Civic (2006 - 2011),civic-2006,26–61
Honda Civic  Tourer (2014 - 2017),civic-tourer-2014,31–77
Fiat Talento  (2016 on),talento-2016,-
Honda Civic  Type R (2017 - 2021),civic-type-r-2017,34–42
Honda Civic  Type R (2015 - 2017),civic-type-r-2015,31–39
Honda Accord  Tourer (2008 - 2015),accord-tourer-2008,27–53
Fiat Scudo (2007 - 2016),scudo-2007,28–48
Fiat Qubo (2009 - 2021),qubo-2009,30–65
Fiat Talento  (2016 on),talento-2016,-
Honda Accord  Tourer (2003 - 2008),accord-tourer-2003,27–57
Fiat Punto Van (2007 - 2014),punto-van-2007,59
Genesis G70  Shooting Brake (2022 on),g70-shooting-brake-2022,-
Honda Civic  Saloon (2018 - 2020),civic-saloon-2018,32–71
Fiat Fiorino (2008 on),fiorino-2008,43–52
Honda Civic  Hybrid (2006 - 2011),civic-hybrid-2006,35–58
Fiat Ducato (2006 on),ducato-2006,23–42
Fiat Doblo Cargo (2010 - 2022),doblo-cargo-2010,32–52
Fiat Scudo (2007 - 2016),scudo-2007,28–48
Fiat Qubo (2009 - 2021),qubo-2009,30–65
Fiat Punto Van (2007 - 2014),punto-van-2007,59
Fiat Ducato (2006 on),ducato-2006,23–42
Fiat Fiorino (2008 on),fiorino-2008,43–52
Fiat Doblo Cargo (2010 - 2022),doblo-cargo-2010,32–52
Honda Civic  Type R (2007 - 2012),civic-type-r-2007,23–38
Fiat Tipo  Station Wagon (2016 on),tipo-station-wagon-2016,36–66
Honda Accord (2008 - 2015),accord-2008,24–58
Honda Accord (2003 - 2008),accord-2003,25–59
Fiat Punto (2010 - 2018),punto-evo-2010,30–73
Fiat Tipo  Cross (2016 on),tipo-2016,28–68
Fiat Stilo (2002 - 2007),stilo-2002,34–61
Fiat Sedici (2006 - 2013),sedici-2006,30–59
Fiat Panda (2012 on),panda-2012,32–85
Fiat Panda (2004 - 2012),panda-2003,32–78
Fiat Multipla (2004 - 2010),multipla-2004,25–48
Fiat Panda  4x4 (2005 - 2012),panda-4x4-2005,37–56
Fiat Panda  4x4 (2012 on),panda-4x4-2012,32–66
Fiat Idea (2004 - 2007),idea-2004,30–63
Fiat Grande Punto (2006 - 2009),grande-punto-2006,28–74
Fiat Bravo (2007 - 2014),bravo-2007,27–68
Fiat Doblo (2010 - 2021),doblo-2010,25–54
Hyundai i800 (2008 - 2022),i800-2008,22–35
Fiat Doblo (2001 - 2009),doblo-2001,26–60
Fiat Croma (2005 - 2007),croma-2005,31–46
Fiat 500X (2015 on),500x-2015,21–58
Fiat 500 (2008 on),500-2007,35–74
Fiat 500L (2013 - 2023),500l-2013,30–65
Fiat 500L  MPW (2013 - 2018),500l-mpw-2013,29–60
Fiat 500C (2009 on),500c-2009,36–61
Hyundai Veloster (2012 - 2015),veloster-2012,31–48
Hyundai Tucson (2021 on),tucson-2021,33–55
Fiat 124 Spider (2016 - 2018),124-spider-2016,31–47
Hyundai Tucson (2015 - 2021),tucson-2015,24–55
Hyundai Tucson (2004 - 2009),tucson-2004,21–42
Hyundai Santa Fe (2006 - 2012),santa-fe-2006,16–44
Hyundai Santa Fe (2018 on),santa-fe-2018,33–46
Hyundai Santa Fe (2012 - 2018),santa-fe-2012,26–43
Hyundai Nexo (2019 on),nexo-fcev-2019,-
Hyundai ix35 (2009 - 2015),ix35-2009,24–55
Hyundai Kona (2017 - 2023),kona-2017,27–63
Hyundai ix20 (2010 - 2018),ix20-2010,28–60
Hyundai i40 (2012 - 2019),i40-saloon-2012,31–59
Hyundai i40  Tourer (2011 - 2019),i40-tourer-2011,32–62
Hyundai i30 (2017 on),i30-2017,33–63
Hyundai i30 (2012 - 2017),i30-2012,30–68
Hyundai i30 (2007 - 2012),i30-2007,29–69
Hyundai i30  Tourer (2017 - 2022),i30-tourer-2017,35–62
Hyundai i30  Tourer (2012 - 2017),i30-tourer-2012,38–62
Hyundai i30  Estate (2008 - 2012),i30-estate-2008,30–65
Hyundai i30  N (2018 on),i30-n-2018,24–37
Hyundai i30  Fastback (2018 on),i30-fastback-2018,33–50
Hyundai i20 (2020 on),i20-2020,42–54
Hyundai i20 (2015 - 2020),i20-2015,33–74
Hyundai i10 (2020 on),i10-2020,34–50
Hyundai i20 (2009 - 2015),i20-2009,32–80
Hyundai i20  Coupe (2015 - 2017),i20-coupe-2015,38–54
Hyundai Ioniq (2016 - 2022),ioniq-2016,47–156
Hyundai i10 (2014 - 2019),i10-2014,29–61
Hyundai i10 (2008 - 2014),i10-2008,28–56
Hyundai Coupe (2002 - 2009),coupe-2002,23–39
Hyundai Getz (2002 - 2008),getz-2002,30–60
Hyundai Genesis (2015 - 2017),genesis-2014,23–30
Hyundai Bayon (2021 on),bayon-2021,39
Volkswagen T6 Transporter (2015 on),t6-transporter-2015,21–46
Vauxhall Vivaro Life (2019 on),vivaro-life-2019,-
Volkswagen T6 Caravelle (2015 - 2022),t6-caravelle-2015,21–42
SsangYong Rexton W Commercial (2015 - 2017),rexton-w-commercial-2015,-
Volkswagen T6 Transporter (2015 on),t6-transporter-2015,21–46
Vauxhall Vivaro Life (2019 on),vivaro-life-2019,-
Vauxhall Corsa (2019 on),corsa-2019,46
SsangYong Rexton W Commercial (2015 - 2017),rexton-w-commercial-2015,-
Toyota GR86 (2022 on),gr86-2022,-
Subaru XV (2018 on),xv-2018,31–40
Saab 9-5 (1997 - 2009),9-5-1997,21–52
Rolls-Royce Wraith (2013 - 2023),wraith-2013,-
Saab 9-5 (2010 - 2011),9-5-2010,23–50
Peugeot Traveller  (2016 on),traveller-2016,35–42
Renault Koleos (2017 - 2020),koleos-2017,25–50
Nissan Primastar (2002 - 2015),primastar-2002,29–45
Renault Laguna  Coupe (2009 - 2012),laguna-coupe-2009,26–49
Nissan Pathfinder Van  (2010 - 2015),pathfinder-van-2010,-
Peugeot Traveller  (2016 on),traveller-2016,35–42
Nissan X-Trail (2001 - 2007),x-trail-2001,20–45
Porsche Panamera (2016 on),panamera-2017,36–37
Nissan Pathfinder Van  (2010 - 2015),pathfinder-van-2010,-
Perodua Myvi (2006 - 2017),myvi-2006,40–49
Nissan Primastar (2002 - 2015),primastar-2002,29–45
SEAT Leon (2013 - 2020),leon-2013,30–74
SEAT Toledo (2012 - 2018),toledo-2012,36–72
SEAT Leon X-Perience (2014 - 2018),leon-x-perience-2014,38–57
SEAT Mii (2012 - 2019),mii-2011,42–68
SEAT Leon (2005 - 2013),leon-2005,22–65
SEAT Tarraco (2019 on),tarraco-2019,-
SEAT Leon (2020 on),leon-2020,43–58
SEAT Leon  SC (2013 - 2018),leon-sc-2013,29–67
SEAT Leon  Cupra R (2010 - 2013),leon-cupra-r-2010,25–28
SEAT Leon  Cupra (2014 - 2020),leon-cupra-2014,24–40
SEAT Ibiza (2008 - 2017),ibiza-2008,26–78
SEAT Leon  ST (2014 - 2020),leon-st-2014,30–70
Proton Satria Neo (2007 - 2016),satria-neo-2007,42–49
Proton GEN-2 (2004 - 2016),gen-2-2005,21–51
SEAT Ibiza (2017 on),ibiza-2017,33–61
SEAT Ibiza (2002 - 2009),ibiza-2002,25–75
Proton Savvy (2006 - 2016),savvy-2006,30–42
SEAT Ibiza  ST (2010 - 2017),ibiza-st-2010,32–77
SEAT Exeo  ST (2009 - 2013),exeo-st-2009,26–56
SEAT Exeo (2009 - 2013),exeo-2009,38–62
SEAT Arona (2018 on),arona-2018,34–67
SEAT Ibiza  SC (2008 - 2017),ibiza-sc-2008,26–82
SEAT Altea  XL (2007 - 2015),altea-xl-2007,34–62
SEAT Toledo (2005 - 2009),toledo-2005,29–61
Nissan NV200 (2009 - 2019),nv200-2009,33–56
SEAT Ateca (2016 on),ateca-2016,28–60
SEAT Altea (2004 - 2015),altea-2004,28–59
SEAT Alhambra (2010 - 2020),alhambra-2010,25–50
Nissan Navara (2005 - 2016),navara-d40-2005,20–39
SEAT Alhambra (1996 - 2010),alhambra-1996,30–48
Nissan Navara (2005 - 2016),navara-d40-2005,20–39
Nissan Interstar (2011 on),nv400-2011,24–37
Nissan NV200 (2009 - 2019),nv200-2009,33–56
Nissan X-Trail (2007 - 2014),x-trail-2007,22–47
Nissan Qashqai+2 (2008 - 2014),qashqai-2-2008,22–59
Nissan Interstar (2011 on),nv400-2011,24–37
Nissan Cabstar NT400 (2007 - 2020),cabstar-2007,-
Nissan Qashqai (2021 on),qashqai-2021,34–49
Nissan X-Trail (2014 - 2022),x-trail-2014,28–58
Nissan Qashqai (2007 - 2014),qashqai-2007,23–60
Nissan Cabstar NT400 (2007 - 2020),cabstar-2007,-
Nissan Pulsar (2014 - 2018),pulsar-2014,32–73
Nissan Qashqai (2014 - 2021),qashqai-2014,26–71
Nissan Primera (2002 - 2006),primera-2002,29–44
Nissan Pathfinder (2005 - 2014),pathfinder-2005,19–38
Nissan Note (2013 - 2016),note-2013,28–75
Nissan Pixo (2009 - 2013),pixo-2009,33–69
Nissan Note (2006 - 2013),note-2006,28–74
Nissan Murano (2008 - 2011),murano-2008,19–34
Nissan Micra (2010 - 2016),micra-2010,30–60
Nissan Murano (2005 - 2008),murano-2005,22–25
Nissan Micra (2017 - 2022),micra-2017,36–85
Nissan Micra (2003 - 2010),micra-2003,32–75
Nissan Juke (2020 on),juke-2020,40–55
Nissan GT-R (2009 - 2022),gt-r-2008,16–24
Peugeot Rifter (2018 on),rifter-2018,43–53
Nissan Micra  C+C (2005 - 2011),micra-c-c-2005,34–52
Nissan 370Z  Roadster (2010 - 2016),370z-roadster-2010,19–27
Peugeot Partner Tepee (2008 - 2018),partner-tepee-2008,34–56
Nissan Cube (2010 - 2011),cube-2009,25–44
Nissan 350Z  Roadster (2005 - 2009),350z-roadster-2005,18–29
Polestar 1 (2019 on),polestar-1-2019,-
Nissan 370Z (2009 - 2020),370z-2009,19–34
SEAT Altea  Freetrack 4 (2007 - 2009),altea-freetrack-2007,22–45
Peugeot Partner (2008 - 2018),partner-2008,39–58
Peugeot Partner Tepee (2008 - 2018),partner-tepee-2008,34–56
Peugeot Expert (2007 - 2016),expert-2007,26–45
Peugeot Expert (2007 - 2016),expert-2007,26–45
Peugeot Boxer (2006 on),boxer-2006,18–51
Peugeot Bipper (2008 - 2018),bipper-2008,39–57
Peugeot 207 Van (2007 - 2016),207-van-2007,-
Peugeot Partner (2008 - 2018),partner-2008,39–58
Peugeot Bipper (2008 - 2018),bipper-2008,39–57
Peugeot Rifter (2018 on),rifter-2018,43–53
Peugeot Partner  Combi (2001 - 2010),partner-combi-2001,40–58
Peugeot RCZ (2010 - 2015),rcz-2010,31–55
Peugeot 207 Van (2007 - 2016),207-van-2007,-
Nissan Juke (2010 - 2019),juke-2010,22–65
Peugeot Bipper Tepee (2009 - 2018),bipper-tepee-2009,33–64
Peugeot Expert Tepee (2007 - 2016),expert-tepee-2007,33–47
Peugeot 508 (2011 - 2018),508-2011,27–67
Peugeot 508 (2018 on),508-2018,33–70
Peugeot 508  SW (2019 on),508-sw-2019,44–46
Peugeot 5008 (2017 on),5008-2017,21–62
Peugeot 407  Coupe (2006 - 2011),407-coupe-2006,23–60
Peugeot 5008 (2010 - 2017),5008-2010,25–60
Peugeot 407 (2004 - 2011),407-2004,31–67
Peugeot 308 (2022 on),308-2021,27
Peugeot 407  SW (2004 - 2011),407-sw-2004,28–56
Peugeot 308 (2007 - 2014),308-2007,25–72
Peugeot 4007 (2007 - 2012),4007-2007,27–41
Peugeot 308 (2014 - 2021),308-2014,25–76
Peugeot 308  SW (2008 - 2013),308-sw-2008,26–71
Peugeot 308  SW (2022 on),308-sw-2021,35
Peugeot 308  SW (2014 - 2021),308-sw-2014,32–83
Peugeot 307 (2001 - 2007),307-2001,25–72
Peugeot Boxer (2006 on),boxer-2006,18–51
Peugeot 308  CC (2009 - 2015),308cc-2009,28–55
Peugeot 307  SW (2002 - 2008),307-sw-2002,30–70
Peugeot 3008 (2017 on),3008-2017,28–65
Peugeot 307  CC (2003 - 2008),307-cc-2003,26–58
Peugeot 208 (2019 on),208-2019,34
Peugeot 3008 (2009 - 2017),3008-2009,28–64
Peugeot 208 (2012 - 2019),208-2012,27–79
Peugeot 207  CC (2007 - 2015),207-cc-2007,26–62
Peugeot 206  SW (2002 - 2006),206-sw-2002,34–75
Peugeot 207 (2006 - 2012),207-2006,25–73
Peugeot 206 (1998 - 2006),206-1998,35–74
Peugeot 206  CC (2000 - 2007),206-cc-2000,24–60
Peugeot 2008 (2013 - 2019),2008-2013,33–76
Peugeot 108 (2014 - 2022),108-2014,38–65
Peugeot 1007 (2005 - 2008),1007-2005,31–70
Peugeot 107 (2005 - 2014),107-2005,40–66
Peugeot 207  SW (2007 - 2013),207-sw-2007,29–67
Porsche Panamera  Sport Turismo (2017 on),panamera-sport-turismo-2017,23–35
Porsche Cayman (2013 - 2016),cayman-2013,24–38
Porsche Panamera (2009 - 2017),panamera-2009,19–54
Porsche Cayman (2005 - 2013),cayman-2005,20–34
Porsche Macan (2014 on),macan-2014,17–43
Porsche Cayenne (2010 - 2017),cayenne-2010,16–41
Porsche Cayenne (2003 - 2010),cayenne-2003,12–36
Porsche Cayenne (2017 on),cayenne-2017,31
Porsche Cayenne  Coupe (2019 on),cayenne-coupe-2019,-
Porsche Boxster (2012 - 2016),boxster-2012,23–38
Porsche Boxster (2005 - 2012),boxster-2005,19–37
Porsche Boxster  Spyder (2015 - 2016),boxster-spyder-2015,27–30
Peugeot 208  GTI (2013 - 2019),208-gti-2012,32–49
Porsche 911  (997/2) (2008 - 2011),911-997-2-2008,20–29
Porsche Boxster  Spyder (2010 - 2012),boxster-spyder-2010,29–29
Porsche 911  (997) (2004 - 2008),911-997-2004,17–32
Porsche 911  (991/2) (2015 - 2019),911-991-2-2015,25–35
Porsche 911  Carrera GTS (2010 - 2012),911-997-2-gts-2010,24–25
Porsche 911 (2019 on),911-992-2019,-
Porsche 718 Boxster (2016 on),boxster-718-2016,26–39
Porsche 718 Cayman (2016 on),cayman-718-2016,23–40
Porsche 911  (991) (2011 - 2015),911-991-2011,18–33
Skoda Superb (2015 on),superb-2015,24–68
Skoda Superb (2008 - 2015),superb-2008,27–67
Skoda Superb  Estate (2010 - 2015),superb-estate-2010,22–68
Skoda Superb  Estate (2015 on),superb-estate-2015,26–78
Skoda Superb (2002 - 2008),superb-2002,25–60
Skoda Roomster (2006 - 2015),roomster-2006,32–66
Peugeot 2008 (2020 on),2008-2020,33–47
Skoda Scala (2019 on),scala-2019,42–59
Skoda Rapid  Spaceback (2013 - 2019),rapid-spaceback-2013,36–80
Skoda Octavia (2004 - 2013),octavia-2004,25–70
Skoda Octavia (2020 on),octavia-2020,65
Skoda Rapid (2012 - 2019),rapid-2012,33–70
Skoda Octavia  Estate (2013 - 2020),octavia-estate-2013,34–75
Skoda Octavia (2013 - 2020),octavia-2013,30–75
Skoda Kodiaq (2016 on),kodiaq-2016,24–53
Skoda Octavia  vRS (2020 on),octavia-vrs-2020,36
Skoda Karoq (2018 on),karoq-2017,31–64
Skoda Kamiq (2019 on),kamiq-2019,35–56
Skoda Octavia  vRS (2013 - 2020),octavia-vrs-2013,26–60
Skoda Fabia (2021 on),fabia-2021,55
Skoda Fabia (2007 - 2015),fabia-2007,28–75
Skoda Fabia (2015 - 2021),fabia-2015,35–73
Renault Trafic (2001 - 2014),trafic-2001,27–41
Skoda Fabia (2000 - 2007),fabia-2000,30–73
Skoda Fabia  Estate (2015 - 2022),fabia-estate-2015,34–72
Skoda Yeti (2009 - 2017),yeti-2009,25–63
Renault Master (2010 on),master-2010,22–38
Renault Trafic (2014 on),trafic-2014,27–45
Renault Kangoo (2008 - 2020),kangoo-2008,30–57
Renault Trafic (2014 on),trafic-2014,27–45
Renault Wind (2010 - 2012),wind-2010,29–47
Renault Trafic (2001 - 2014),trafic-2001,27–41
Skoda Citigo (2012 - 2019),citigo-2012,41–72
Renault Kangoo (2008 - 2020),kangoo-2008,30–57
Renault Twizy (2012 - 2021),twizy-2012,-
Renault Twingo (2014 - 2019),twingo-2014,35–57
Renault Master (2010 on),master-2010,22–38
Skoda Fabia  vRS (2010 - 2013),fabia-vrs-2010,30–46
Renault Twingo (2012 - 2014),twingo-2012,54–60
Renault Twingo (2007 - 2012),twingo-2007,28–55
Renault Twingo  Renaultsport (2008 - 2012),twingo-renaultsport-2008,34–43
Renault Scenic (2016 - 2019),scenic-2016,42–59
Renault Scenic (2003 - 2009),scenic-2003,24–64
Renault Megane (2016 - 2022),megane-2016,27–71
Renault Megane (2008 - 2016),megane-2008,25–71
Renault Scenic (2009 - 2016),scenic-grand-scenic-2009,24–65
Renault Scenic  XMOD (2013 - 2016),scenic-xmod-2013,40–60
Renault Modus (2004 - 2012),modus-2004,27–72
Renault Megane  Sport Tourer (2009 - 2016),megane-sport-tourer-2009,27–70
Renault Megane  Sport Tourer (2003 - 2008),megane-sport-tourer-2003,33–65
Renault Megane (2002 - 2008),megane-2002,24–70
Renault Megane  Sport Tourer (2016 - 2022),megane-sport-tourer-2016,29–67
Renault Megane  Renaultsport (2009 - 2016),megane-renaultsport-2009,22–34
Renault Megane  Coupe (2009 - 2016),megane-coupe-2009,26–68
Renault Laguna (2007 - 2012),laguna-2007,28–60
Renault Megane  Coupe-Cabriolet (2003 - 2009),megane-coupe-cabriolet-2003,24–63
Renault Megane  R.S. (2018 - 2021),megane-r-s-2018,26–38
Renault Megane  Coupe-Cabriolet (2010 - 2016),megane-coupe-cabriolet-2010,24–61
Renault Kadjar (2015 - 2022),kadjar-2015,25–68
Renault Koleos (2008 - 2010),koleos-2008,33–49
Renault Kangoo (2009 - 2012),kangoo-2009,22–56
Renault Grand Scenic (2016 - 2020),grand-scenic-2016,41–62
Renault Grand Modus (2008 - 2012),grand-modus-2008,28–71
Renault Clio (2009 - 2013),clio-2009,22–73
Renault Clio  Renaultsport (2013 - 2019),clio-renaultsport-2013,23–39
Renault Espace (2002 - 2012),espace-2002,22–45
Renault Clio (2019 on),clio-2019,60–62
Renault Clio  Renaultsport (2009 - 2013),clio-renaultsport-2009,24–33
Renault Clio (2013 - 2019),clio-2013,30–73
Renault Clio  Sport Tourer (2008 - 2013),clio-sport-tourer-2008,29–68
Renault Clio  Renaultsport (2006 - 2009),clio-renaultsport-2006,22–33
Renault Captur (2020 on),captur-2020,45–45
Renault Captur (2013 - 2019),captur-2013,30–68
Rolls-Royce Ghost (2010 - 2020),ghost-2010,15–21
Renault Arkana (2021 on),arkana-2021,-
Saab 9-5  Sportwagon (2011 - 2011),9-5-sportwagon-2011,31–37
Saab 9-3 (2007 - 2011),9-3-2007,19–60
Rolls-Royce Phantom (2003 - 2017),phantom-2003,17–18
Rolls-Royce Dawn (2016 on),dawn-2016,-
Saab 9-3  X (2009 - 2011),9-3x-2009,42–47
Toyota Proace Verso (2016 on),proace-verso,30–49
Rolls-Royce Cullinan (2018 on),cullinan-2018,-
Saab 9-3  Sportwagon (2005 - 2011),9-3-sportwagon-2005,21–56
Toyota Proace (2013 - 2016),proace-2013,29–41
Toyota Proace Verso (2016 on),proace-verso,30–49
Toyota Hilux (2015 on),hilux-2015,23–40
Toyota Hilux (2005 - 2015),hilux-2005,20–36
Saab 9-3  Convertible (2003 - 2011),9-3-convertible-2003,22–53
Toyota Hilux (2015 on),hilux-2015,23–40
Toyota Yaris (2020 on),yaris-2020,29–81
Toyota Hiace (2007 - 2012),hiace-2007,27–39
Toyota Yaris (2011 - 2020),yaris-2011,33–75
Toyota Dyna (2002 - 2014),dyna-2002,-
Toyota Verso S (2011 - 2013),verso-s-2011,35–53
Toyota Verso (2013 - 2018),verso-2013,30–64
Toyota Yaris (2006 - 2011),yaris-2006,32–72
Toyota Yaris  Cross (2021 on),yaris-cross-2021,61–68
Toyota Dyna (2002 - 2014),dyna-2002,-
Toyota Verso (2009 - 2013),verso-2009,31–64
Toyota Urban Cruiser (2009 - 2013),urban-cruiser-2009,38–64
Toyota Hilux (2005 - 2015),hilux-2005,20–36
Toyota Supra (2019 on),supra-2019,30–34
Toyota RAV4 (2019 on),rav4-2019,37–62
Toyota RAV4 (2006 - 2013),rav4-2006,23–53
Toyota Prius+ (2012 - 2020),prius-2012,40–60
Toyota RAV4 (2013 - 2019),rav4-2013,25–57
Toyota Proace (2013 - 2016),proace-2013,29–41
Toyota Prius (2009 - 2016),prius-2009,43–130
Toyota Prius (2016 - 2022),prius-2016,49–80
Toyota Prius  Plug-In (2017 - 2022),prius-plug-in-2017,103–163
Toyota Mirai (2021 on),mirai-2021,-
Toyota Prius (2003 - 2009),prius-2003,41–67
Toyota Land Cruiser  V8 (2008 - 2015),land-cruiser-v8-2008,-
Toyota Land Cruiser (2010 on),land-cruiser-2010,20–37
Toyota Highlander (2021 on),highlander-2021,-
Toyota Land Cruiser (2003 - 2009),land-cruiser-2003,18–33
Toyota GT86 (2012 - 2021),gt86-2012,24–43
Toyota Corolla Verso (2004 - 2009),corolla-verso-2004,25–53
Toyota iQ (2008 - 2014),iq-2008,35–65
Toyota Corolla (2019 on),corolla-2019,31–75
Toyota Hiace (2007 - 2012),hiace-2007,27–39
Toyota Corolla  Touring Sports (2019 on),corolla-touring-sports-2019,41–77
Toyota Corolla (2002 - 2007),corolla-2002,25–65
Toyota C-HR (2016 - 2023),c-hr-2016,27–71
Toyota Camry (2019 - 2021),camry-2019,-
Toyota Aygo (2014 - 2022),aygo-2014,43–70
Toyota Avensis (2009 - 2015),avensis-2009,28–57
Toyota Aygo (2005 - 2014),aygo-2005,41–79
Toyota Aygo  X (2022 on),aygo-x-2022,51–62
Toyota Avensis (2015 - 2019),avensis-2015,36–55
Toyota Avensis  Touring Sports (2015 - 2019),avensis-touring-sports-2015,32–57
Toyota Avensis (2003 - 2009),avensis-2003,25–60
Toyota Auris  Touring Sports (2013 - 2019),auris-touring-sports-2013,37–67
Toyota Auris (2013 - 2019),auris-2013,29–70
Toyota Auris (2007 - 2013),auris-2007,29–68
Smart Fortwo (2007 - 2014),fortwo-2007,33–80
Smart Forfour (2014 - 2019),forfour-2014,34–56
SsangYong Korando Commercial (2012 - 2020),korando-commercial-2012,-
SsangYong Korando Sports (2012 - 2016),korando-sports-2012,26–33
SsangYong Korando Sports (2012 - 2016),korando-sports-2012,26–33
Smart Fortwo (2014 - 2019),fortwo-2014,38–66
Smart Fortwo  Cabriolet (2016 - 2019),fortwo-cabriolet-2016,40–60
SsangYong Turismo (2013 - 2018),turismo-2013,30–34
SsangYong Tivoli (2015 on),tivoli-2015,31–60
Smart Forfour (2004 - 2006),forfour-2004,28–68
SsangYong Tivoli  XLV (2016 - 2021),tivoli-xlv-2016,35–56
SsangYong Rodius (2005 - 2013),rodius-2005,24–30
SsangYong Korando Commercial (2012 - 2020),korando-commercial-2012,-
SsangYong Rexton  W (2013 - 2017),rexton-w-2013,26–37
SsangYong Kyron (2006 - 2012),kyron-2006,-
SsangYong Korando (2011 - 2019),korando-2010,26–46
SsangYong Rexton (2017 on),rexton-2017,27–34
Subaru XV (2012 - 2018),xv-2012,32–57
SsangYong Rexton (2003 - 2012),rexton-2003,26–35
SsangYong Korando (2019 on),korando-2019,28–40
Subaru Outback (2014 - 2021),outback-2014,28–56
Subaru Legacy/Outback (2009 - 2014),legacy-and-outback-2009,30–58
Subaru WRX  STI (2014 - 2018),wrx-sti-2014,24–29
Subaru Justy (2007 - 2010),justy-2007,47–52
Subaru Levorg (2015 on),levorg-2015,29–40
Subaru Impreza (2008 - 2012),impreza-2008,23–52
Subaru Impreza (2018 - 2019),impreza-2018,25–47
Subaru Impreza (2006 - 2007),impreza-2006,23–36
Subaru Impreza (2014 - 2018),impreza-2014,27–41
Subaru Impreza  WRX (2006 - 2007),impreza-wrx-2006,17–30
Subaru Forester (2019 on),forester-2019,39–41
Subaru Forester (2013 - 2019),forester-2013,28–56
Subaru Forester (2002 - 2008),forester-2002,21–36
Subaru Impreza  WRX STI (2008 - 2013),impreza-iii-wrx-sti-2008,21–33
Subaru Forester (2008 - 2013),forester-2008,24–55
Suzuki Vitara (2015 on),vitara-2015,30–71
Subaru Legacy/Outback (2004 - 2009),legacy-and-outback-2004,19–54
Suzuki SX4 S-Cross (2013 - 2021),sx4-s-cross-2013,31–80
Subaru BRZ (2012 - 2020),brz-2012,30–43
Suzuki SX4 (2006 - 2014),sx4-2006,29–64
Suzuki SX4  Saloon (2009 - 2011),sx4-saloon-2009,37–45
Suzuki Swift (2005 - 2010),swift-2005,29–61
Suzuki Swift (2017 on),swift-2017,42–78
Suzuki Swift (2010 - 2017),swift-2010,32–74
Suzuki Swace (2021 on),swace-2021,62–63
Suzuki S-Cross (2022 on),s-cross-2022,51–56
Suzuki Swift  Sport (2018 on),swift-sport-2018,38–52
Suzuki Kizashi (2012 - 2014),kizashi-2012,27–36
Suzuki Jimny (2019 - 2021),jimny-2019,-
Suzuki Splash (2008 - 2014),splash-2008,33–63
Suzuki Ignis (2017 on),ignis-2017,45–67
Suzuki Ignis (2003 - 2007),ignis-2003,29–47
Suzuki Grand Vitara (2005 - 2014),grand-vitara-lwb-2005,20–40
Suzuki Baleno (2016 - 2019),baleno-2016,42–71
Suzuki Celerio (2015 - 2019),celerio-2014,47–82
Vauxhall Movano (2010 on),movano-2010,24–33
Vauxhall Corsavan (2015 - 2019),corsavan-2015,56–75
Vauxhall Vivaro (2001 - 2014),vivaro-2001,28–43
Vauxhall Vivaro (2014 - 2019),vivaro-2014,27–47
Vauxhall Combo Life (2018 on),combo-life-2018,29–52
Vauxhall Combo Life (2018 on),combo-life-2018,29–52
Vauxhall Corsavan (2007 - 2015),corsavan-2007,45–68
Vauxhall Corsavan (2007 - 2015),corsavan-2007,45–68
Vauxhall Combo (2012 - 2018),combo-2012,31–56
Suzuki Across (2021 on),across-2021,-
Vauxhall Movano (2010 on),movano-2010,24–33
Vauxhall Combo (2012 - 2018),combo-2012,31–56
Vauxhall Astravan (2006 - 2013),astravan-2006,34–60
Vauxhall Vivaro (2001 - 2014),vivaro-2001,28–43
Vauxhall Corsavan (2015 - 2019),corsavan-2015,56–75
Vauxhall Zafira  Tourer (2012 - 2018),zafira-2012,23–55
Vauxhall Astravan (2006 - 2013),astravan-2006,34–60
Vauxhall Viva (2015 - 2019),viva-2015,42–63
Vauxhall VXR8 (2007 - 2018),vxr8-2007,18–25
Vauxhall Zafira (2005 - 2014),zafira-2005,21–57
Vauxhall Vivaro (2014 - 2019),vivaro-2014,27–47
Suzuki Jimny (1998 - 2018),jimny-1998,25–42
Vauxhall Vectra (2002 - 2008),vectra-2002,19–58
Vauxhall Tigra (2004 - 2009),tigra-2004,30–67
Vauxhall Viva  Rocks (2017 - 2019),viva-rocks-2017,54–60
Suzuki Alto (2009 - 2015),alto-2009,38–65
Vauxhall Meriva (2010 - 2017),meriva-2010,25–59
Vauxhall Meriva (2003 - 2009),meriva-2003,26–60
Vauxhall Signum (2003 - 2008),signum-2003,22–56
Vauxhall Monaro (2004 - 2007),monaro-2004,18–26
Vauxhall Mokka (2021 on),mokka-2021,51
Vauxhall Insignia  Sports Tourer (2017 - 2020),insignia-sports-tourer-2017,21–64
Vauxhall Insignia (2017 - 2022),insignia-grand-sport-2017,21–65
Vauxhall Mokka  X (2012 - 2019),mokka-2012,26–65
Vauxhall Insignia  Sports Tourer (2008 - 2017),insignia-sports-tourer-2008,25–62
Vauxhall Insignia (2008 - 2017),insignia-2008,15–66
Vauxhall Corsa (2014 - 2019),corsa-2014,25–79
Vauxhall Grandland X (2018 - 2021),grandland-x-2018,27–58
Vauxhall Insignia  Country Tourer (2017 - 2020),insignia-country-tourer-2017,-
Vauxhall Corsa (2006 - 2014),corsa-2006,24–77
Vauxhall Astra (2022 on),astra-2022,-
Vauxhall Cascada (2013 - 2018),cascada-2013,32–48
Vauxhall Astra  Sports Tourer (2016 - 2022),astra-sports-tourer-2016,33–71
Vauxhall Astra (2015 - 2022),astra-2015,28–72
Vauxhall Astra (2009 - 2015),astra-2009,23–71
Vauxhall Crossland (2017 on),crossland-x-2017,29–64
Vauxhall Astra (2004 - 2009),astra-2004,23–62
Vauxhall Astra  Sport Tourer (2010 - 2016),astra-sport-tourer-2010,28–63
Volkswagen T6 Caravelle (2015 - 2022),t6-caravelle-2015,21–42
Volkswagen T6 California (2015 on),t6-california-2015,24–40
Vauxhall Antara (2007 - 2015),antara-2007,19–42
Vauxhall Astra GTC (2011 - 2016),astra-gtc-2011,19–70
Volkswagen T5 Transporter (2003 - 2015),t5-transporter-2003,22–43
Volkswagen T5 Caravelle (2010 - 2015),t5-caravelle-2010,22–42
Volkswagen T5 Caravelle (2010 - 2015),t5-caravelle-2010,22–42
Volkswagen T5 California (2010 - 2015),t5-california-2010,26–39
Vauxhall Adam (2013 - 2019),adam-2013,32–52
Vauxhall Astra Twintop (2006 - 2011),astra-twintop-2006,20–55
Volkswagen T6 California (2015 on),t6-california-2015,24–40
Volkswagen Multivan (2022 on),multivan-2022,-
Volkswagen T5 Transporter (2003 - 2015),t5-transporter-2003,22–43
Volkswagen Grand California  (2019 on),grand-california-2019,24–26
Vauxhall Ampera (2012 - 2014),ampera-2012,120–192
Volkswagen Multivan (2022 on),multivan-2022,-
Volkswagen T5 California (2010 - 2015),t5-california-2010,26–39
Vauxhall Agila (2008 - 2014),agila-2008,33–67
Volkswagen Caddy MPV (2021 on),caddy-2021,40
Volkswagen Crafter (2006 - 2017),crafter-2006,18–39
Volkswagen Caddy (2015 - 2021),caddy-2015,30–55
Volkswagen Caddy Life  (2015 - 2021),caddy-life-2015,38–44
Volkswagen Caddy (2010 - 2015),caddy-2010,33–57
Volkswagen Amarok (2011 - 2023),amarok-2011,22–38
Volkswagen Grand California  (2019 on),grand-california-2019,24–26
Volkswagen Crafter (2006 - 2017),crafter-2006,18–39
Volkswagen Caddy MPV (2021 on),caddy-2021,40
Volkswagen Caddy (2010 - 2015),caddy-2010,33–57
Volkswagen Caddy Life  (2015 - 2021),caddy-life-2015,38–44
Volkswagen Caddy (2015 - 2021),caddy-2015,30–55
Volkswagen Up (2012 on),up-2012,37–66
Volkswagen Amarok (2011 - 2023),amarok-2011,22–38
Volkswagen Touran (2003 - 2010),touran-2003,30–60
Volkswagen Up  GTI (2018 on),up-gti-2018,-
Volkswagen Touran (2015 on),touran-2015,30–64
Volkswagen Touran (2010 - 2015),touran-2010,33–64
Volkswagen Touareg (2018 on),touareg-2018,24–44
Volkswagen Touareg (2010 - 2018),touareg-2010,23–40
Volkswagen Tiguan (2008 - 2016),tiguan-2008,24–58
Volkswagen Touareg (2003 - 2010),touareg-2003,19–34
Volkswagen Tiguan (2016 on),tiguan-2016,24–60
Volkswagen Tiguan  Allspace (2018 on),tiguan-allspace-2017,26–48
Volkswagen Taigo (2022 on),taigo-2022,-
Volkswagen T-Roc (2018 on),t-roc-2018,29–72
Volkswagen Sharan (2010 - 2021),sharan-2010,20–55
Volkswagen T-Roc  Cabriolet (2020 on),t-roc-cabriolet-2020,-
Volkswagen T-Cross (2018 on),t-cross-2018,32–59
Volkswagen Scirocco (2008 - 2017),scirocco-2008,21–63
Volkswagen Polo  GTI (2018 on),polo-gti-2018,-
Volkswagen Polo  GTI (2010 - 2018),polo-gti-2010,28–46
Volkswagen Polo (2017 on),polo-2017,28–73
Volkswagen Polo (2005 - 2009),polo-2005,27–80
Volkswagen Polo (2009 - 2017),polo-2009,32–79
Volkswagen Passat CC (2008 - 2012),passat-cc-2008,28–62
Volkswagen Passat  GTE (2015 on),passat-gte-2016,45–65
Volkswagen Passat (2005 - 2011),passat-2005,20–67
Volkswagen Passat (2011 - 2015),passat-2011,31–66
Volkswagen Passat (2015 - 2022),passat-2015,29–66
Volkswagen Passat  Estate (2015 on),passat-estate-2015,29–67
Volkswagen Passat  Alltrack (2015 - 2020),passat-alltrack-2015,38–55
Volkswagen Jetta (2006 - 2011),jetta-2006,29–70
Volkswagen Passat  Alltrack (2012 - 2015),passat-alltrack-2012,35–50
Volkswagen Jetta (2011 - 2017),jetta-2011,28–75
Volkswagen Golf  R (2021 on),golf-r-2021,-
Volkswagen Golf (2013 - 2020),golf-2013,33–72
Volkswagen Golf (2020 on),golf-2020,41–75
Volkswagen Golf  Plus (2005 - 2009),golf-plus-2005,30–67
Volkswagen Golf (2009 - 2013),golf-2009,22–72
Volkswagen Golf (2004 - 2008),golf-2004,20–72
Volkswagen Golf  R (2014 - 2020),golf-r-2014,22–39
Volkswagen Golf  SV (2014 - 2020),golf-sv-2014,33–65
Volkswagen Golf  GTI (2021 on),golf-gti-2021,36
Volkswagen Golf  GTI (2013 - 2020),golf-gti-2013,25–45
Volkswagen Golf  Alltrack (2015 - 2020),golf-alltrack-2015,35–53
Volkswagen Golf  Estate (2007 - 2009),golf-estate-2007,31–65
Volkswagen Golf  Cabriolet (2011 - 2016),golf-cabriolet-2011,30–67
Volkswagen Eos (2006 - 2015),eos-2006,24–63
Volkswagen Golf  Estate (2009 - 2013),golf-estate-2010,34–68
Volkswagen Golf  Estate (2020 on),golf-estate-2020,-
Volkswagen Fox (2006 - 2012),fox-2006,33–52
Volkswagen CC (2012 - 2017),cc-2012,32–66
Volkswagen Beetle (2012 - 2019),beetle-2012,30–64
Volkswagen Beetle  Cabriolet (2013 - 2019),beetle-cabriolet-2013,39–55
Volkswagen Arteon (2017 on),arteon-2017,27–66
Volkswagen Golf  Estate (2013 - 2020),golf-estate-2013,34–69
Volkswagen Golf  GTE (2015 - 2020),golf-gte-2015,59–94
MINI Clubvan (2012 - 2014),clubvan-2012,42–53
MINI Roadster (2012 - 2015),roadster-2012,28–63
Maserati GranTurismo MC Stradale (2013 - 2015),granturismo-mc-stradale-2013,-
McLaren MP4-12C (2011 - 2014),mp4-12c-2011,23–24
Maserati Quattroporte (2013 on),quattroporte-2013,30–35
Morgan Aero 8 (2001 - 2015),aero-8-2001,-
Kia XCeed (2019 on),xceed-2019,31–65
Maserati Quattroporte (2004 - 2013),quattroporte-2004,20–24
Mazda MX-5 (2015 on),mx5-2015,33–57
Maserati Levante (2016 on),levante-2016,13–36
Land Rover Defender (1990 - 2016),defender-1990,22–36
Jeep Wrangler (2007 - 2018),wrangler-unlimited-2007,17–32
Land Rover Range Rover Velar (2017 on),range-rover-velar-2017,18–63
Land Rover Range Rover Sport (2013 - 2022),range-rover-sport-2013,15–48
Aston Martin Vantage (2018 on),vantage-2018,-
Jeep Wrangler (2018 on),wrangler-2018,23–34
Infiniti QX70 (2013 - 2017),qx70-2013,21–35
Audi Q5 (2008 - 2017),q5-2008,21–45
Aston Martin Virage (2011 - 2012),virage-2011,-
Aston Martin Vanquish (2012 - 2019),vanquish-2012,-
Aston Martin V8 Vantage (2005 - 2018),v8-vantage-2005,16–25
Aston Martin Rapide S (2010 - 2019),rapide-2010,23–24
Infiniti QX30 (2016 - 2020),qx30-2016,40–51
Infiniti Q70 (2013 - 2018),q70-2013,35–47
Aston Martin V12 Vantage (2009 - 2018),v12-vantage-2009,16–20
Aston Martin Cygnet (2010 - 2013),cygnet-2010,-
Aston Martin DBX (2020 on),dbx-2020,-
Infiniti Q60 (2016 - 2018),q60-2016,38–40
Infiniti QX50 (2013 - 2017),qx50-2013,-
Aston Martin DB11 (2016 on),db11-2016,-
Infiniti Q60  Coupe (2009 - 2015),g-coupe-2009,25–27
Infiniti Q50 (2013 - 2020),q50-2013,28–54
Infiniti Q60  Convertible (2009 - 2015),g-convertible-2009,25–28
Infiniti G  Saloon (2009 - 2013),g-saloon-2009,19–27
Infiniti Q30 (2015 - 2020),q30-2015,30–67
Bentley Mulsanne (2010 - 2020),mulsanne-2010,-
Infiniti FX (2009 - 2013),fx-2008,18–35
Bentley Flying Spur (2013 - 2019),continental-flying-spur-2013,-
Bentley Continental Supersports (2009 - 2013),continental-supersports-2009,-
Bentley Continental GT (2018 on),continental-gt-2018,-
Infiniti M (2010 - 2013),m-2010,28–40
Bentley Continental  GTC (2011 - 2018),continental-gtc-2011,19–29
Bentley Continental  GT (2010 - 2018),continental-gt-2010,15–23
Infiniti EX (2009 - 2013),ex-2009,27–34
Jaguar XKR (2006 - 2015),xkr-2006,18–28
Jaguar XK (2006 - 2015),xk-2006,18–30
Jaguar XK  Convertible (2006 - 2015),xk-convertible-2006,18–28
Jaguar XF (2008 - 2015),xf-2008,16–51
Bentley Bentayga (2016 on),bentayga-2016,17–21
Jaguar XF (2015 on),xf-2015,19–66
Jaguar XE (2015 on),xe-2015,24–68
Jaguar X-Type (2001 - 2009),x-type-2001,19–55
Jaguar XJ (2010 - 2019),xj-2010,17–50
Jaguar XF  Sportbrake (2012 - 2015),xf-sportbrake-2012,30–56
Jaguar XF  Sportbrake (2017 on),xf-sportbrake-2017,20–54
Jaguar X-Type  Estate (2004 - 2009),x-type-estate-2004,20–53
Jaguar F-Type Convertible (2013 on),f-type-2013,22–33
Jaguar F-Pace (2016 on),f-pace-2016,22–57
Jaguar F-Type Coupe (2014 on),f-type-coupe-2014,19–38
Jaguar E-Pace (2018 on),e-pace-2018,22–52
Audi TT  RS (2016 on),tt-rs-2016,26–30
MINI Clubvan (2012 - 2014),clubvan-2012,42–53
Alpine A110 (2018 on),a110-2018,-
Audi TT  RS (2009 - 2015),tt-rs-2009,27–35
Audi TT  Roadster (2015 on),tt-roadster-2015,28–54
Audi TT (2014 - 2023),tt-2014,25–61
Audi TT (2006 - 2014),tt-coupe-2006,22–57
Audi S8 (2012 - 2017),s8-2012,19–27
Audi S7 Sportback (2012 - 2018),s7-sportback-2012,19–27
Audi TT  Roadster (2007 - 2015),tt-roadster-2007,22–54
Audi S1 (2014 - 2018),s1-2014,25–40
Audi S6 (2012 - 2018),s6-2012,18–29
Audi RS7 Sportback (2020 on),rs7-sportback-2020,-
Audi S3 (2013 - 2020),s3-2013,21–39
Audi RS6 Avant (2020 on),rs6-avant-2020,-
Audi RS6 (2013 - 2019),rs6-2013,18–29
Audi RS7 (2014 - 2018),rs7-2014,23–33
Audi RS5 (2017 on),rs5-2017,-
Audi RS4 (2012 - 2015),rs4-2012,19–28
Audi RS6 (2008 - 2011),rs6-2008,17–23
Land Rover Defender (1990 - 2016),defender-1990,22–36
Audi RS3 (2015 - 2020),rs3-2015,21–32
Audi RS3 (2021 on),rs3-2021,32
Audi RS5 (2010 - 2016),rs5-2010,15–22
Audi RS Q8 (2020 on),rs-q8-2020,-
Audi RS Q3 (2020 on),rs-q3-2020,22–26
Audi R8 (2007 - 2015),r8-2007,17–25
Audi R8  Spyder (2010 - 2015),r8-spyder-2010,19–20
Audi RS3 (2011 - 2013),rs3-2011,17–23
Audi Q7 (2006 - 2015),q7-2006,13–33
Audi Q7 (2015 on),q7-2015,26–58
Audi Q8 (2018 on),q8-2018,28–45
Audi R8 (2015 on),r8-2015,17–17
Audi Q5 (2017 on),q5-2017,24–60
Audi Q5  Sportback (2021 on),q5-sportback-2021,-
Audi Q3 (2011 - 2018),q3-2011,24–56
Audi Q3  Sportback (2019 on),q3-sportback-2019,35–38
Audi A8 (2010 - 2017),a8-2010,21–54
Audi Q3 (2018 on),q3-2018,22–49
Audi RS4  Avant (2018 on),rs4-2018,27–39
Audi Q2 (2016 on),q2-2016,30–66
Audi A8 (2017 on),a8-2017,26–55
Audi A6 (2018 on),a6-2018,25–58
Audi A7 Sportback (2011 - 2018),a7-sportback-2011,22–52
Audi A7 Sportback (2018 on),a7-sportback-2018,25–55
Audi A6 (2011 - 2018),a6-saloon-2011,18–58
Audi A6  Allroad (2019 - 2021),a6-allroad-2020,41
Audi A6  Allroad (2006 - 2012),a6-allroad-2006,30–42
Audi A6  Avant (2018 on),a6-avant-2018,32–59
Audi A6  Allroad (2012 - 2018),a6-allroad-2012,30–48
Audi A6 (2004 - 2011),a6-2004,23–55
Audi A6  Avant (2011 - 2018),a6-avant-2011,22–58
Audi A6  Avant (2005 - 2011),a6-avant-2005,22–56
Audi A5 (2016 on),a5-coupe-2016,23–58
Audi A5  Sportback (2017 on),a5-sportback-2017,21–62
Audi A5 (2007 - 2016),a5-2007,16–55
Audi A5  Cabriolet (2017 - 2022),a5-cabriolet-2017,24–52
Audi A4 (2005 - 2008),a4-2005,24–60
Audi A5  Sportback (2009 - 2017),a5-sportback-2009,18–57
Audi A4 (2015 on),a4-2015,23–67
Audi A4  Cabriolet (2006 - 2009),a4-cabriolet-2006,17–48
Audi A4 (2008 - 2015),a4-2008,20–66
Audi A4  Avant (2015 on),a4-avant-2015,21–68
Audi A4  Allroad (2016 - 2021),a4-allroad-2016,38–52
Audi A3 (2008 - 2012),a3-2008,20–72
Audi A5  Cabriolet (2009 - 2017),a5-cabriolet-2009,18–54
Audi A3  Sportback (2013 - 2020),a3-sportback-2013,28–70
Audi A4  Avant (2008 - 2015),a4-avant-2008,21–61
Audi A4  Allroad (2009 - 2015),a4-allroad-2009,22–45
Audi A3 (2012 - 2020),a3-2012,27–76
Audi A3  Sportback (2004 - 2012),a3-sportback-2004,21–63
Audi A3  Sportback (2020 on),a3-sportback-2020,35–55
Audi A3  Saloon (2020 on),a3-saloon-2020,23
Audi A3  e-tron (2014 - 2020),a3-e-tron-2014,85–131
Audi A3  Cabriolet (2014 - 2020),a3-cabriolet-2014,27–57
Audi A3  Saloon (2013 - 2020),a3-saloon-2013,29–76
Audi A1  Sportback (2018 on),a1-sportback-2018,34–59
Audi A3  Cabriolet (2008 - 2013),a3-cabriolet-2008,26–58
Audi A1 (2010 - 2015),a1-2010,30–65
Audi A1  Citycarver (2020 - 2021),a1-citycarver-2020,-
Jeep Renegade (2015 on),renegade-2014,23–56
Audi A1  Sportback (2012 - 2018),a1-sportback-2012,30–69
Jeep Patriot (2007 - 2011),patriot-2007,21–47
Jeep Grand Cherokee (2005 - 2011),grand-cherokee-2005,12–30
Jeep Grand Cherokee (2011 - 2020),grand-cherokee-2011,15–36
Jeep Compass (2007 - 2009),compass-2007,29–43
Jeep Commander (2006 - 2010),commander-2006,19–28
Jeep Compass (2011 - 2014),compass-2011,25–44
Jeep Compass (2018 on),compass-2017,25–43
Jeep Cherokee (2008 - 2011),cherokee-2008,22–32
Jeep Cherokee (2002 - 2007),cherokee-2002,17–33
Jeep Cherokee (2014 - 2019),cherokee-2014,19–51
Land Rover Range Rover Evoque (2019 on),range-rover-evoque-2019,30–44
Land Rover Range Rover Evoque (2011 - 2019),range-rover-evoque-2011,17–53
Land Rover Range Rover Sport (2005 - 2013),range-rover-sport-2005,14–35
Land Rover Range Rover (2013 - 2022),range-rover-2013,19–48
Land Rover Freelander  2 (2006 - 2015),freelander-2-2006,19–43
Land Rover Range Rover Evoque  Convertible (2016 - 2019),range-rover-evoque-convertible-2016,25–36
Land Rover Discovery Sport (2015 on),discovery-sport-2015,21–50
Land Rover Range Rover (2022 on),range-rover-2022,19
Land Rover Discovery (2017 on),discovery-5-2017,17–39
Land Rover Range Rover (2002 - 2013),range-rover-2002,13–35
Land Rover Defender (1984 - 2016),defender-1984,21–34
Land Rover Discovery  3 (2004 - 2009),discovery-3-2004,13–34
Lotus Elise (2001 - 2011),elise-2000,30–48
Land Rover Discovery  4 (2009 - 2017),discovery-4-2009,21–36
Kia Stonic (2017 on),stonic-2017,30–58
Lotus Exige (2004 - 2011),exige-2000,26–34
Kia Sportage (2016 - 2021),sportage-2016,22–55
Kia Sportage (2005 - 2010),sportage-2005,18–41
Kia Stinger (2018 - 2022),stinger-2017,21–43
Kia Soul (2014 - 2019),soul-2014,30–54
Kia Soul (2008 - 2014),soul-2008,30–58
Kia Sorento (2020 on),sorento-2020,-
Kia Sorento (2015 - 2022),sorento-2015,26–41
Kia Sorento (2010 - 2015),sorento-2009,24–44
Kia Sorento (2003 - 2009),sorento-2003,22–35
Kia Sportage (2010 - 2016),sportage-2010,24–56
Kia Sedona (2006 - 2012),sedona-2006,22–45
Kia Pro_cee'd (2013 - 2018),pro_cee-d-2013,24–61
Kia Rio (2005 - 2011),rio-2005,26–62
Kia Rio (2011 - 2017),rio-2011,28–74
Kia Pro_Cee'd (2008 - 2013),pro_cee-d-2008,34–66
Kia Sportage (2022 on),sportage-2022,40–52
Kia Venga (2010 - 2019),venga-2010,23–66
Lotus Evora (2009 - 2021),evora-2009,21–33
Kia ProCeed (2019 on),proceed-2019,26–57
Kia Picanto (2017 on),picanto-2017,27–56
Kia Picanto (2011 - 2017),picanto-2011,30–60
Kia Picanto (2004 - 2011),picanto-2004,35–55
Kia Optima (2012 - 2016),optima-2012,32–55
Kia Optima (2016 - 2019),optima-2016,36–92
Kia Ceed  Sportswagon (2018 on),ceed-sportswagon-2018,40–65
Kia Ceed (2018 on),ceed-2018,33–65
Kia Cee'd (2010 - 2012),cee-d-2010,28–69
Kia Cee'd (2007 - 2010),cee-d-2007,29–60
Kia Optima  Sportswagon (2016 - 2019),optima-sportswagon-2016,35–100
Kia Cee'd  Sportswagon (2012 - 2018),cee-d-sw-2012,35–62
Kia Cee'd (2012 - 2018),cee-d-2012,26–65
Kia Magentis (2009 - 2011),magentis-2009,26–46
Kia Carens (2013 - 2018),carens-2013,26–57
Kia Carens (2006 - 2012),carens-2006,26–54
Lexus SC430 (2001 - 2009),sc430-2001,19–31
Lexus UX (2019 on),ux-2019,39–62
Kia Niro (2016 - 2021),niro-2016,43–98
Lexus RX (2015 - 2022),rx-2015,26–40
Lexus RX  450h (2009 - 2015),rx450h-2009,25–41
Lexus RX400h (2005 - 2009),rx400h-2005,24–37
Lexus RC (2014 - 2020),rc-coupe-2014,27–47
Lexus RX350 (2006 - 2009),rx350-2006,20–25
Kia e-Niro (2018 - 2022),e-niro-2019,-
Lexus LS (2018 on),ls-2018,39–40
Lexus NX (2021 on),nx-2021,48–51
Lexus LS (2012 - 2018),ls-2012,22–31
Lexus NX (2014 - 2021),nx-2014,24–47
Lexus LF-A (2010 - 2012),lf-a-2010,-
Lexus LS  600h (2006 - 2012),ls-600h-2006,20–36
Lexus IS (2005 - 2013),is-2005,24–47
Lexus LC (2017 on),lc-2017,27–35
Lexus IS (2013 - 2020),is-2013,28–60
Lexus IS  250C (2009 - 2013),is250c-2009,29–36
Lexus IS  F (2008 - 2012),is-f-2008,20–29
Lexus GS (2005 - 2012),gs-2005,21–38
Lexus GS (2012 - 2018),gs-2012,23–55
Lexus CT 200h (2011 - 2020),ct200h-2011,40–66
Lexus ES (2018 on),es-2018,42–65
Mazda CX-5 (2012 - 2016),cx-5-2012,29–56
Mazda MX-5  Roadster Coupe (2006 - 2015),mx5-roadster-coupe-2006,26–44
Mazda MX-5 (2005 - 2015),mx5-2005,26–43
Mazda CX-5 (2017 on),cx-5-2017,28–60
Mazda CX-3 (2015 - 2019),cx-3-2015,33–71
Mazda CX-30 (2019 on),cx-30-2019,40–60
Mazda 6 (2013 - 2022),6-2013,31–62
Mazda 6 Tourer (2012 - 2022),6-tourer-2012,32–62
Mazda 3 (2019 on),3-2019,33–49
Mazda 6 (2008 - 2012),6-2008,19–56
Mazda 3 (2009 - 2013),3-2009,22–61
Mazda 5 (2005 - 2010),5-2005,23–49
Mazda 5 (2010 - 2015),5-2010,24–50
Mazda 3 (2014 - 2019),3-2014,30–64
Mazda 2 (2015 on),2-2015,40–83
Mazda 3 (2004 - 2009),3-2004,26–65
Mazda 2 (2003 - 2007),2-2003,31–64
Mazda CX-7 (2007 - 2012),cx-7-2007,19–43
Mazda 2 (2007 - 2015),2-2007,26–67
Lamborghini Urus (2018 on),urus-2018,-
Mazda 2  Hybrid (2022 on),2-hybrid-2022,-
Lamborghini Huracan (2014 on),huracan-2014,-
Lamborghini Murcielago (2002 - 2010),murcielago-2001,-
Lamborghini Aventador (2011 on),aventador-2011,8–12
Maserati GranCabrio (2009 - 2020),gran-cabrio-2009,14–21
Lamborghini Gallardo (2003 - 2013),gallardo-2003,12–18
Maserati GranTurismo (2007 - 2019),granturismo-2007,17–27
MINI John Cooper Works (2015 on),john-cooper-works-2015,26–40
Maserati Ghibli (2013 on),ghibli-2013,22–41
MINI Hatch (2014 on),hatch-2014,28–73
MINI Hatch (2007 - 2013),hatch-2007,27–51
MINI Hatch (2002 - 2007),hatch-2002,23–36
MINI Paceman (2013 - 2017),paceman-2013,29–56
MINI Hatch 5-door (2014 on),hatch-5-door-2014,28–76
MINI Coupe (2011 - 2015),coupe-2011,30–63
MINI Countryman (2017 on),countryman-2017,25–75
MINI Convertible (2009 - 2015),convertible-2009,27–63
MINI Countryman (2010 - 2016),countryman-2010,23–55
Mitsubishi Outlander Commercial (2013 - 2021),outlander-commercial-2013,38–43
Mitsubishi L200 (2015 - 2019),l200-2015,23–37
MINI Clubman (2016 on),clubman-2015,30–62
Mitsubishi L200 (2015 - 2019),l200-2015,23–37
MINI Clubman (2007 - 2014),clubman-2007,28–68
Mitsubishi Shogun Commercial (2007 - 2018),shogun-commercial-2007,27–36
Mitsubishi Outlander Commercial (2013 - 2021),outlander-commercial-2013,38–43
Mitsubishi Shogun Commercial (2007 - 2018),shogun-commercial-2007,27–36
Mitsubishi Shogun (1999 - 2007),shogun-1999,20–31
Mitsubishi Shogun  Sport (2018 - 2021),shogun-sport-2018,32–37
Mitsubishi Shogun (2007 - 2019),shogun-2007,13–34
Mitsubishi L200 (2006 - 2015),l200-2006,20–37
Mitsubishi L200 (2006 - 2015),l200-2006,20–37
Mitsubishi Outlander (2012 - 2021),outlander-2012,28–50
Mitsubishi Outlander (2007 - 2012),outlander-2007,22–48
Mitsubishi Lancer (2008 - 2014),lancer-2008,22–59
Mitsubishi Outlander  PHEV (2014 - 2021),outlander-phev-2014,40–79
Mitsubishi Mirage (2013 - 2021),mirage-2013,42–66
MINI Convertible (2004 - 2008),convertible-2004,27–41
Mitsubishi i (2007 - 2011),i-2007,30–45
Mercedes-Benz Vito (2015 on),vito-2015,22–44
Mitsubishi Eclipse Cross (2018 - 2021),eclipse-cross-2018,25–42
Mitsubishi Grandis (2004 - 2010),grandis-2004,21–44
Mitsubishi Evo  X (2008 - 2014),evo-x-2008,16–28
Mitsubishi Colt (2008 - 2013),colt-2008,32–57
MINI Convertible (2016 on),convertible-2016,32–63
Mitsubishi Colt (2004 - 2008),colt-2004,39–63
Mercedes-Benz Vito (2003 - 2015),vito-2003,23–46
Mercedes-Benz Vito (2015 on),vito-2015,22–44
Mercedes-Benz Viano (2003 - 2015),viano-2003,22–38
Mitsubishi Colt  CZC (2006 - 2011),colt-czc-2006,35–44
Mercedes-Benz Vito (2003 - 2015),vito-2003,23–46
Mercedes-Benz Viano (2003 - 2015),viano-2003,22–38
Mercedes-Benz Marco Polo (2017 on),marco-polo-2015,-
Mercedes-Benz SLK (2004 - 2011),slk-2004,18–38
Mercedes-Benz Sprinter (2013 - 2018),sprinter-2013,20–40
Mercedes-Benz SLC (2016 - 2020),slc-2016,26–57
Mercedes-Benz V-Class (2015 on),v-class-2015,31–37
Mercedes-Benz Citan (2013 - 2021),citan-2013,39–58
Mitsubishi ASX (2010 - 2021),asx-2010,31–65
Mercedes-Benz Marco Polo (2017 on),marco-polo-2015,-
Mercedes-Benz SLK (2011 - 2016),slk-2011,22–57
Mercedes-Benz S-Class (2014 - 2020),s-class-2014,21–52
Mercedes-Benz SLS AMG (2010 - 2015),sls-amg-2010,11–18
Mercedes-Benz Citan (2013 - 2021),citan-2013,39–58
Mercedes-Benz SLR McLaren (2003 - 2009),slr-mclaren-2003,-
Mercedes-Benz V-Class (2015 on),v-class-2015,31–37
Mercedes-Benz S-Class  Coupe (2014 - 2020),s-class-coupe-2014,14–20
Mercedes-Benz SL-Class (2008 - 2012),sl-2008,14–30
Mercedes-Benz R-Class (2006 - 2013),r-class-2006,12–38
Mercedes-Benz S-Class (2006 - 2014),s-class-2006,16–48
Mercedes-Benz S-Class  Cabriolet (2016 - 2020),s-class-cabriolet-2016,-
Mercedes-Benz Sprinter (2013 - 2018),sprinter-2013,20–40
Mercedes-Benz ML-Class (2005 - 2012),ml-class-2005,11–36
Mercedes-Benz GLS (2019 on),gls-2019,-
Mercedes-Benz ML-Class (2012 - 2015),ml-class-2012,14–44
Mercedes-Benz SL (2012 - 2020),sl-2012,24–38
Mercedes-Benz GLE  Coupe (2020 on),gle-coupe-2020,-
Mercedes-Benz S-Class (2021 on),s-class-2021,25
Mercedes-Benz GLE (2015 - 2019),gle-2015,17–46
Mercedes-Benz GLS (2013 - 2019),gl-class-2013,12–33
Mercedes-Benz GLC (2015 - 2021),glc-class-2015,18–52
Mercedes-Benz GLE  Coupe (2015 - 2019),gle-coupe-2015,13–34
Mercedes-Benz GLC  Coupe (2016 on),glc-coupe-2016,23–47
Mercedes-Benz GLE (2019 on),gle-2019,38
Mercedes-Benz GLB (2020 on),glb-2020,31
Mercedes-Benz GLA (2014 - 2020),gla-2014,24–58
Mercedes-Benz G-Class (2018 on),g-class-2018,-
Mercedes-Benz GL-Class (2006 - 2013),gl-class-2006,18–28
Mercedes-Benz E-Class (2009 - 2016),e-class-2009,18–56
Mercedes-Benz G-Class (2010 - 2018),g-class-2010,14–26
Mercedes-Benz E-Class Cabriolet (2017 on),e-class-cabriolet-2017,25–53
Mercedes-Benz GLA (2020 on),gla-2020,56–63
Mercedes-Benz E-Class (2002 - 2009),e-class-2002,16–50
Mercedes-Benz E-Class  Estate (2010 - 2016),e-class-estate-2010,17–60
Mercedes-Benz E-Class (2016 on),e-class-2016,21–72
Mercedes-Benz E-Class  Estate (2016 on),e-class-estate-2016,14–62
Mercedes-Benz E-Class  Cabriolet (2010 - 2017),e-class-cabriolet-2010,23–54
Mercedes-Benz E-Class  Coupe (2017 on),e-class-coupe-2017,20–53
Mercedes-Benz E-Class  Coupe (2009 - 2017),e-class-coupe-2009,24–58
Mercedes-Benz CLS Shooting Brake (2012 - 2018),cls-shooting-brake-2012,18–50
Mercedes-Benz CLS (2005 - 2011),cls-2005,18–43
Mercedes-Benz CLS (2018 on),cls-2018,30–60
Mercedes-Benz CLK-Class (2002 - 2009),clk-2002,19–45
Mercedes-Benz CLA (2013 - 2018),cla-2013,22–62
Mercedes-Benz CLS (2011 - 2018),cls-2011,16–52
Mercedes-Benz E-Class  All-Terrain (2017 - 2020),e-class-all-terrain-2017,33–36
Mercedes-Benz CLA  Shooting Brake (2019 on),cla-shooting-brake-2019,-
Mercedes-Benz CLC Coupe (2008 - 2010),clc-2008,23–48
Mercedes-Benz CLA (2019 on),cla-coupe-2019,30
Mercedes-Benz CL-Class (2007 - 2014),cl-class-2007,12–27
Mercedes-Benz C-Class (2021 on),c-class-2021,-
Mercedes-Benz C-Class  Estate (2021 on),c-class-estate-2021,43
Mercedes-Benz CLA  Shooting Brake (2015 - 2018),cla-shooting-brake-2015,21–56
Mercedes-Benz C-Class  Estate (2014 - 2021),c-class-estate-2014,21–63
Mercedes-Benz C-Class  Estate (2008 - 2014),c-class-estate-2008,17–66
Mercedes-Benz C-Class  Coupe (2016 on),c-class-coupe-2016,18–65
Mercedes-Benz C-Class (2014 - 2021),c-class-2014,16–66
Mercedes-Benz C-Class (2007 - 2014),c-class-2007,13–64
Mercedes-Benz C-Class  Cabriolet (2016 on),c-class-cabriolet-2016,19–60
Mercedes-Benz C-Class  Coupe (2011 - 2016),c-class-coupe-2011,14–63
Mercedes-Benz A-Class (2012 - 2018),a-class-2012,22–75
Mercedes-Benz B-Class (2012 - 2018),b-class-2012,31–64
Mercedes-Benz B-Class (2005 - 2012),b-class-2005,25–56
Mercedes-Benz A-Class (2005 - 2012),a-class-2005,27–60
Mercedes-Benz AMG GT  4-Door (2019 on),amg-gt-4-door-2019,-
Mercedes-Benz A-Class (2018 on),a-class-2018,25–70
Mercedes-Benz B-Class (2019 on),b-class-2019,51–65
Mercedes-Benz A-Class  Saloon (2019 on),a-class-saloon-2019,48–72
MG HS (2020 on),hs-2020,25–40
MG GS (2016 - 2019),gs-2016,30–41
MG ZS (2017 on),zs-2017,25–50
MG 6 (2011 - 2016),6-2011,30–66
Mercedes-Benz AMG GT (2015 on),amg-gt-2015,15–26
MG 3 (2013 on),3-2012,32–50
Abarth Grande Punto (2008 - 2010),grande-punto-2008,-
Abarth 595C (2010 on),500c-2010,30–45
Abarth 124 Spider (2016 - 2019),124-spider-2016,29–46
Abarth Punto (2010 - 2013),punto-evo-2010,27–42
Abarth 595 (2008 on),500-2008,28–49
Alfa Romeo MiTo (2008 - 2018),mito-2008,28–72
Alfa Romeo Giulietta (2010 - 2020),giulietta-2010,25–68
Alfa Romeo GT (2004 - 2010),gt-2004,20–55
Alfa Romeo Giulia (2016 on),giulia-2016,22–56
Alfa Romeo Stelvio (2017 on),stelvio-2017,18–45
Alfa Romeo Spider (2007 - 2011),spider-2007,18–40
Alfa Romeo Brera (2005 - 2011),brera-2005,16–42
Alfa Romeo 4C (2014 - 2019),4c-2014,33–49
Alfa Romeo 159 (2006 - 2011),159-2006,17–52
Alfa Romeo 159  Sportwagon (2006 - 2011),159-sportwagon-2006,16–49
